0,jonh,816
1,jonh,91
2,jonh,519
3,jonh,966
4,jonh,75
5,jonh,113
6,jonh,687
7,jonh,35
8,jonh,700
9,jonh,349
10,jonh,953
11,jonh,94
12,jonh,906
13,jonh,22
14,jonh,975
15,jonh,731
16,jonh,0
17,jonh,916
18,jonh,283
19,jonh,506
20,jonh,269
21,jonh,469
22,jonh,699
23,jonh,425
24,jonh,815
25,jonh,277
26,jonh,212
27,jonh,911
28,jonh,203
29,jonh,77
30,jonh,515
31,jonh,629
32,jonh,807
33,jonh,886
34,jonh,747
35,jonh,283
36,jonh,113
37,jonh,234
38,jonh,320
39,jonh,563
40,jonh,32
41,jonh,712
42,jonh,474
43,jonh,430
44,jonh,800
45,jonh,570
46,jonh,821
47,jonh,418
48,jonh,987
49,jonh,300
50,jonh,389
51,jonh,349
52,jonh,875
53,jonh,716
54,jonh,359
55,jonh,433
56,jonh,780
57,jonh,104
58,jonh,547
59,jonh,324
60,jonh,734
61,jonh,624
62,jonh,462
63,jonh,282
64,jonh,64
65,jonh,721
66,jonh,923
67,jonh,201
68,jonh,352
69,jonh,891
70,jonh,609
71,jonh,873
72,jonh,999
73,jonh,688
74,jonh,992
75,jonh,742
76,jonh,97
77,jonh,674
78,jonh,13
79,jonh,667
80,jonh,122
81,jonh,519
82,jonh,45
83,jonh,445
84,jonh,700
85,jonh,483
86,jonh,399
87,jonh,889
88,jonh,717
89,jonh,203
90,jonh,465
91,jonh,11
92,jonh,653
93,jonh,529
94,jonh,676
95,jonh,172
96,jonh,262
97,jonh,345
98,jonh,460
99,jonh,487
